Id,Load
1,48892.8
2,48892.8
3,48892.8
4,48892.8
5,48892.8
6,48892.8
7,48892.8
8,48892.8
9,48892.8
10,48892.8
11,48892.8
12,48892.8
13,48892.8
14,48892.8
15,48892.8
16,48892.8
17,48892.8
18,48892.8
19,48892.8
20,48892.8
21,48892.8
22,48892.8
23,48892.8
24,48892.8
25,48892.8
26,48892.8
27,48892.8
28,48892.8
29,48892.8
30,48892.8
31,48892.8
32,48892.8
33,48892.8
34,48892.8
35,48892.8
36,48892.8
37,48892.8
38,48892.8
39,48892.8
40,48892.8
41,48892.8
42,48892.8
43,48892.8
44,48892.8
45,48892.8
46,48892.8
47,48892.8
48,48892.8
49,48892.8
50,48892.8
51,48892.8
52,48892.8
53,48892.8
54,48892.8
55,48892.8
56,48892.8
57,48892.8
58,48892.8
59,48892.8
60,48892.8
61,48892.8
62,48892.8
63,48892.8
64,48892.8
65,48892.8
66,48892.8
67,48892.8
68,48892.8
69,48892.8
70,48892.8
71,48892.8
72,48892.8
73,48892.8
74,48892.8
75,48892.8
76,48892.8
77,48892.8
78,48892.8
79,48892.8
80,48892.8
81,48892.8
82,48892.8
83,48892.8
84,48892.8
85,48892.8
86,48892.8
87,48892.8
88,48892.8
89,48892.8
90,48892.8
91,48892.8
92,48892.8
93,48892.8
94,48892.8
95,48892.8
96,48892.8
97,48892.8
98,48892.8
99,48892.8
100,48892.8
101,48892.8
102,48892.8
103,48892.8
104,48892.8
105,48892.8
106,48892.8
107,48892.8
108,48892.8
109,48892.8
110,48892.8
111,48892.8
112,48892.8
113,48892.8
114,48892.8
115,48892.8
116,48892.8
117,48892.8
118,48892.8
119,48892.8
120,48892.8
121,48892.8
122,48892.8
123,48892.8
124,48892.8
125,48892.8
126,48892.8
127,48892.8
128,48892.8
129,48892.8
130,48892.8
131,48892.8
132,48892.8
133,48892.8
134,48892.8
135,48892.8
136,48892.8
137,48892.8
138,48892.8
139,48892.8
140,48892.8
141,48892.8
142,48892.8
143,48892.8
144,48892.8
145,48892.8
146,48892.8
147,48892.8
148,48892.8
149,48892.8
150,48892.8
151,48892.8
152,48892.8
153,48892.8
154,48892.8
155,48892.8
156,48892.8
157,48892.8
158,48892.8
159,48892.8
160,48892.8
161,48892.8
162,48892.8
163,48892.8
164,48892.8
165,48892.8
166,48892.8
167,48892.8
168,48892.8
169,48892.8
170,48892.8
171,48892.8
172,48892.8
173,48892.8
174,48892.8
175,48892.8
176,48892.8
177,48892.8
178,48892.8
179,48892.8
180,48892.8
181,48892.8
182,48892.8
183,48892.8
184,48892.8
185,48892.8
186,48892.8
187,48892.8
188,48892.8
189,48892.8
190,48892.8
191,48892.8
192,48892.8
193,48892.8
194,48892.8
195,48892.8
196,48892.8
197,48892.8
198,48892.8
199,48892.8
200,48892.8
201,48892.8
202,48892.8
203,48892.8
204,48892.8
205,48892.8
206,48892.8
207,48892.8
208,48892.8
209,48892.8
210,48892.8
211,48892.8
212,48892.8
213,48892.8
214,48892.8
215,48892.8
216,48892.8
217,48892.8
218,48892.8
219,48892.8
220,48892.8
221,48892.8
222,48892.8
223,48892.8
224,48892.8
225,48892.8
226,48892.8
227,48892.8
228,48892.8
229,48892.8
230,48892.8
231,48892.8
232,48892.8
233,48892.8
234,48892.8
235,48892.8
236,48892.8
237,48892.8
238,48892.8
239,48892.8
240,48892.8
241,48892.8
242,48892.8
243,48892.8
244,48892.8
245,48892.8
246,48892.8
247,48892.8
248,48892.8
249,48892.8
250,48892.8
251,48892.8
252,48892.8
253,48892.8
254,48892.8
255,48892.8
256,48892.8
257,48892.8
258,48892.8
259,48892.8
260,48892.8
261,48892.8
262,48892.8
263,48892.8
264,48892.8
265,48892.8
266,48892.8
267,48892.8
268,48892.8
269,48892.8
270,48892.8
271,48892.8
272,48892.8
273,48892.8
274,48892.8
275,48892.8
